{
  "n_clusters": 8,
  "n_images": 361,
  "cluster_sizes": {
    "0": 62,
    "1": 50,
    "2": 22,
    "3": 65,
    "4": 48,
    "5": 55,
    "6": 42,
    "7": 17
  },
  "k_suggestion": {
    "best_k": 8,
    "scores": {
      "8": {
        "silhouette": 0.04454481229186058,
        "davies_bouldin": 3.0570130310425236
      },
      "9": {
        "silhouette": 0.04443364590406418,
        "davies_bouldin": 3.0914052468552544
      },
      "10": {
        "silhouette": 0.03322645649313927,
        "davies_bouldin": 3.0517781978790146
      },
      "11": {
        "silhouette": 0.033315837383270264,
        "davies_bouldin": 3.0965807570815014
      },
      "12": {
        "silhouette": 0.0362134650349617,
        "davies_bouldin": 3.039373888322292
      },
      "13": {
        "silhouette": 0.03900739178061485,
        "davies_bouldin": 3.0283054615931704
      },
      "14": {
        "silhouette": 0.0365590862929821,
        "davies_bouldin": 3.010653143303326
      },
      "15": {
        "silhouette": 0.03527789190411568,
        "davies_bouldin": 3.0586139078240877
      }
    }
  }
}